id,createdAt,createdBy,modifiedAt,modifiedBy,FirstName,LastName,Email,PhoneNumber
USR1,2024-01-15T10:00:00Z,system,2024-01-15T10:00:00Z,system,John,Doe,john.doe@example.com,+1-555-123-4567
USR2,2024-01-15T10:05:00Z,system,2024-01-15T10:05:00Z,system,Emma,Smith,emma.smith@example.com,+1-555-234-5678
USR3,2024-01-15T10:10:00Z,system,2024-01-15T10:10:00Z,system,Michael,Johnson,michael.johnson@example.com,+1-555-345-6789
USR4,2024-01-15T10:15:00Z,system,2024-01-15T10:15:00Z,system,Sophia,Williams,sophia.williams@example.com,+1-555-456-7890
USR5,2024-01-15T10:20:00Z,system,2024-01-15T10:20:00Z,system,David,Brown,david.brown@example.com,+1-555-567-8901
USR6,2024-01-15T10:25:00Z,system,2024-01-15T10:25:00Z,system,Olivia,Jones,olivia.jones@example.com,+1-555-678-9012
USR7,2024-01-15T10:30:00Z,system,2024-01-15T10:30:00Z,system,James,Garcia,james.garcia@example.com,+1-555-789-0123
USR8,2024-01-15T10:35:00Z,system,2024-01-15T10:35:00Z,system,Isabella,Miller,isabella.miller@example.com,+1-555-890-1234
USR9,2024-01-15T10:40:00Z,system,2024-01-15T10:40:00Z,system,William,Davis,william.davis@example.com,+1-555-901-2345
USR10,2024-01-15T10:45:00Z,system,2024-01-15T10:45:00Z,system,Ava,Rodriguez,ava.rodriguez@example.com,+1-555-012-3456
USR11,2024-01-15T10:50:00Z,system,2024-01-15T10:50:00Z,system,Alexander,Martinez,alexander.martinez@example.com,+1-555-123-4567
USR12,2024-01-15T10:55:00Z,system,2024-01-15T10:55:00Z,system,Mia,Lopez,mia.lopez@example.com,+1-555-234-5678
USR13,2024-01-15T11:00:00Z,system,2024-01-15T11:00:00Z,system,Ethan,Gonzalez,ethan.gonzalez@example.com,+1-555-345-6789
USR14,2024-01-15T11:05:00Z,system,2024-01-15T11:05:00Z,system,Charlotte,Wilson,charlotte.wilson@example.com,+1-555-456-7890
USR15,2024-01-15T11:10:00Z,system,2024-01-15T11:10:00Z,system,Daniel,Anderson,daniel.anderson@example.com,+1-555-567-8901
USR16,2024-01-15T11:15:00Z,system,2024-01-15T11:15:00Z,system,Amelia,Taylor,amelia.taylor@example.com,+1-555-678-9012
USR17,2024-01-15T11:20:00Z,system,2024-01-15T11:20:00Z,system,Benjamin,Thomas,benjamin.thomas@example.com,+1-555-789-0123
USR18,2024-01-15T11:25:00Z,system,2024-01-15T11:25:00Z,system,Harper,Hernandez,harper.hernandez@example.com,+1-555-890-1234
USR19,2024-01-15T11:30:00Z,system,2024-01-15T11:30:00Z,system,Lucas,Moore,lucas.moore@example.com,+1-555-901-2345
USR20,2024-01-15T11:35:00Z,system,2024-01-15T11:35:00Z,system,Evelyn,Jackson,evelyn.jackson@example.com,+1-555-012-3456
USR21,2024-01-15T11:40:00Z,system,2024-01-15T11:40:00Z,system,Henry,Martin,henry.martin@example.com,+1-555-123-4567
USR22,2024-01-15T11:45:00Z,system,2024-01-15T11:45:00Z,system,Abigail,Lee,abigail.lee@example.com,+1-555-234-5678
USR23,2024-01-15T11:50:00Z,system,2024-01-15T11:50:00Z,system,Sebastian,Perez,sebastian.perez@example.com,+1-555-345-6789
USR24,2024-01-15T11:55:00Z,system,2024-01-15T11:55:00Z,system,Emily,Thompson,emily.thompson@example.com,+1-555-456-7890
USR25,2024-01-15T12:00:00Z,system,2024-01-15T12:00:00Z,system,Jack,White,jack.white@example.com,+1-555-567-8901
USR26,2024-01-15T12:05:00Z,system,2024-01-15T12:05:00Z,system,Scarlett,Harris,scarlett.harris@example.com,+1-555-678-9012
USR27,2024-01-15T12:10:00Z,system,2024-01-15T12:10:00Z,system,Matthew,Sanchez,matthew.sanchez@example.com,+1-555-789-0123
USR28,2024-01-15T12:15:00Z,system,2024-01-15T12:15:00Z,system,Aria,Clark,aria.clark@example.com,+1-555-890-1234
USR29,2024-01-15T12:20:00Z,system,2024-01-15T12:20:00Z,system,Joseph,Ramirez,joseph.ramirez@example.com,+1-555-901-2345
USR30,2024-01-15T12:25:00Z,system,2024-01-15T12:25:00Z,system,Luna,Lewis,luna.lewis@example.com,+1-555-012-3456